abilities,against_bug,against_dark,against_dragon,against_electric,against_fairy,against_fight,against_fire,against_flying,against_ghost,against_grass,against_ground,against_ice,against_normal,against_poison,against_psychic,against_rock,against_steel,against_water,attack,base_egg_steps,base_happiness,base_total,capture_rate,classfication,defense,experience_growth,height_m,hp,japanese_name,name,percentage_male,pokedex_number,sp_attack,sp_defense,speed,type1,type2,weight_kg,generation,is_legendary
"['Torrent', 'Rain Dish']",1.0,1.0,1.0,2.0,1.0,1.0,0.5,1.0,1.0,2.0,1.0,0.5,1.0,1.0,1.0,1.0,0.5,0.5,103,5120,70,630,45,Shellfish Pokémon,120,1059860,1.6,79,Kamexカメックス,Blastoise,88.1,9,135,115,78,water,,85.5,1,0
['Unaware'],2.0,2.0,1.0,1.0,1.0,0.5,1.0,1.0,2.0,1.0,1.0,1.0,1.0,1.0,0.5,1.0,1.0,1.0,29,30720,0,200,45,Nebula Pokémon,31,1250000,0.2,43,Cosmogコスモッグ,Cosmog,,789,29,31,37,psychic,,0.1,7,1
['Illusion'],2.0,0.5,1.0,1.0,2.0,2.0,1.0,1.0,0.5,1.0,1.0,1.0,1.0,1.0,0.0,1.0,1.0,1.0,105,5120,70,510,45,Illusion Fox Pokémon,60,1059860,1.6,60,Zoroarkゾロアーク,Zoroark,88.1,571,120,60,105,dark,,81.1,5,0
"['Vital Spirit', 'Hustle', 'Insomnia']",0.5,1.0,1.0,2.0,1.0,1.0,2.0,1.0,1.0,0.5,0.0,1.0,1.0,1.0,1.0,4.0,2.0,1.0,55,5120,70,330,45,Delivery Pokémon,45,800000,0.9,45,Delibirdデリバード,Delibird,50.0,225,65,45,75,ice,flying,16.0,2,0
"['Overgrow', 'Contrary']",2.0,1.0,1.0,0.5,1.0,1.0,2.0,2.0,1.0,0.5,0.5,2.0,1.0,2.0,1.0,1.0,1.0,0.5,75,5120,70,528,45,Regal Pokémon,95,1059860,3.3,75,Jalordaジャローダ,Serperior,88.1,497,75,95,113,grass,,63.0,5,0
"['Pickup', 'Gluttony', 'Quick Feet']",1.0,1.0,1.0,1.0,1.0,2.0,1.0,1.0,0.0,1.0,1.0,1.0,1.0,1.0,1.0,1.0,1.0,1.0,30,3840,70,240,255,Tiny Racoon Pokémon,41,1000000,0.4,38,Jiguzagumaジグザグマ,Zigzagoon,50.0,263,30,41,60,normal,,17.5,3,0
"['Rock Head', 'Sturdy', 'Sand Veil', 'Magnet Pull', 'Sturdy', 'Galvanize']",1.0,1.0,1.0,0.0,1.0,2.0,0.5,0.5,1.0,4.0,2.0,2.0,0.5,0.25,1.0,0.5,2.0,4.0,80,3840,70,300,255,Rock Pokémon,100,1059860,,40,Isitsubuteイシツブテ,Geodude,50.0,74,30,30,20,rock,ground,,1,0
"['Sand Veil', 'Rough Skin']",1.0,1.0,2.0,0.0,2.0,1.0,0.5,1.0,1.0,1.0,1.0,4.0,1.0,0.5,1.0,0.5,1.0,1.0,70,10240,70,300,45,Land Shark Pokémon,45,1250000,0.7,58,Fukamaruフカマル,Gible,50.0,443,40,45,42,dragon,ground,20.5,4,0
['Levitate'],2.0,2.0,1.0,1.0,1.0,0.5,1.0,1.0,2.0,1.0,1.0,1.0,1.0,1.0,0.5,1.0,1.0,1.0,70,30720,100,600,3,Lunar Pokémon,120,1250000,1.5,120,Cresseliaクレセリア,Cresselia,0.0,488,75,130,85,psychic,,85.6,4,1
"['Torrent', 'Liquid Voice']",0.5,0.5,0.0,2.0,1.0,0.5,0.5,1.0,1.0,2.0,1.0,0.5,1.0,2.0,1.0,1.0,1.0,0.5,74,3840,70,530,45,Soloist Pokémon,74,1059860,1.8,80,Ashireneアシレーヌ,Primarina,88.1,730,126,116,60,water,fairy,44.0,7,0
"['Stench', 'Aftermath', 'Keen Eye']",1.0,0.5,1.0,1.0,1.0,1.0,1.0,1.0,0.5,0.5,2.0,1.0,1.0,0.5,0.0,1.0,1.0,1.0,93,5120,70,479,60,Skunk Pokémon,67,1000000,1.0,103,Skutankスカタンク,Skuntank,50.0,435,71,61,84,poison,dark,38.0,4,0
"['Swift Swim', 'Water Veil', 'Lightningrod']",1.0,1.0,1.0,2.0,1.0,1.0,0.5,1.0,1.0,2.0,1.0,0.5,1.0,1.0,1.0,1.0,0.5,0.5,67,5120,70,320,225,Goldfish Pokémon,60,1000000,0.6,45,Tosakintoトサキント,Goldeen,50.0,118,35,50,63,water,,15.0,1,0
"['Guts', 'Sand Veil']",1.0,1.0,1.0,0.0,1.0,2.0,0.5,0.5,1.0,4.0,2.0,2.0,0.5,0.25,1.0,0.5,2.0,4.0,64,10240,35,300,45,Rock Skin Pokémon,50,1250000,0.6,50,Yogirasヨーギラス,Larvitar,50.0,246,45,50,41,rock,ground,72.0,2,0
['Defeatist'],0.5,1.0,1.0,2.0,1.0,1.0,0.5,0.5,1.0,1.0,0.0,2.0,0.5,0.5,1.0,2.0,2.0,2.0,112,7680,70,401,45,First Bird Pokémon,45,1000000,0.5,55,Archenアーケン,Archen,88.1,566,74,45,70,rock,flying,9.5,5,0
"['Natural Cure', 'Serene Grace']",2.0,1.0,1.0,0.5,1.0,1.0,2.0,2.0,1.0,0.5,0.5,2.0,1.0,2.0,1.0,1.0,1.0,0.5,103,30720,100,600,45,Gratitude Pokémon,75,1059860,0.2,100,Shaymin (sky Forme)シェイミ,Shaymin,,492,120,75,127,grass,grass,2.1,4,1
['Pressure'],2.0,2.0,1.0,1.0,1.0,0.5,1.0,1.0,2.0,1.0,1.0,1.0,1.0,1.0,0.5,1.0,1.0,1.0,95,30720,0,600,3,DNA Pokémon,90,1250000,1.7,50,Deoxysデオキシス,Deoxys,,386,95,90,180,psychic,,60.8,3,1
"['Oblivious', 'Snow Cloak', 'Thick Fat']",1.0,1.0,1.0,0.0,1.0,2.0,2.0,1.0,1.0,2.0,1.0,1.0,1.0,0.5,1.0,1.0,2.0,2.0,130,5120,70,530,50,Twin Tusk Pokémon,80,1250000,2.5,110,Mammooマンムー,Mamoswine,50.0,473,70,60,80,ice,ground,291.0,4,0
"['Refrigerate', 'Snow Warning']",1.0,1.0,1.0,1.0,1.0,4.0,1.0,0.5,1.0,2.0,2.0,0.5,0.5,0.5,1.0,2.0,4.0,2.0,77,7680,70,521,45,Tundra Pokémon,72,1000000,2.7,123,Amarurugaアマルルガ,Aurorus,88.1,699,99,92,58,rock,ice,225.0,6,0
"['Effect Spore', 'Regenerator']",1.0,1.0,1.0,0.5,0.5,0.5,2.0,2.0,1.0,0.25,1.0,2.0,1.0,1.0,2.0,1.0,1.0,0.5,85,5120,70,464,75,Mushroom Pokémon,70,1000000,0.6,114,Morobareruモロバレル,Amoonguss,50.0,591,85,80,30,grass,poison,10.5,5,0
"['Pressure', 'Inner Focus']",1.0,1.0,1.0,0.5,1.0,1.0,1.0,0.5,1.0,1.0,2.0,1.0,1.0,1.0,1.0,1.0,0.5,1.0,85,20480,35,580,3,Thunder Pokémon,75,1250000,1.9,90,Raikouライコウ,Raikou,,243,115,100,115,electric,,178.0,2,1
"['Torrent', 'Shell Armor']",1.0,1.0,1.0,2.0,1.0,1.0,0.5,1.0,1.0,2.0,1.0,0.5,1.0,1.0,1.0,1.0,0.5,0.5,75,5120,70,413,45,Discipline Pokémon,60,1059860,0.8,75,Futachimaruフタチマル,Dewott,88.1,502,83,60,60,water,,24.5,5,0
"['Minus', 'Volt Absorb']",1.0,1.0,1.0,0.5,1.0,1.0,1.0,0.5,1.0,1.0,2.0,1.0,1.0,1.0,1.0,1.0,0.5,1.0,40,5120,70,405,200,Cheering Pokémon,50,1000000,0.4,60,Minunマイナン,Minun,50.0,312,75,85,95,electric,,4.2,3,0
"['Torrent', 'Defiant']",0.5,1.0,0.5,2.0,0.5,2.0,1.0,0.5,1.0,1.0,2.0,0.25,0.5,0.0,0.5,0.5,0.25,0.5,86,5120,70,530,45,Emperor Pokémon,88,1059860,1.7,84,Emperteエンペルト,Empoleon,88.1,395,111,101,60,water,steel,84.5,4,0
"['Magnet Pull', 'Sturdy', 'Analytic']",0.5,1.0,0.5,0.5,0.5,2.0,2.0,0.25,1.0,0.5,4.0,0.5,0.5,0.0,0.5,0.5,0.25,1.0,60,5120,70,465,60,Magnet Pokémon,95,1000000,1.0,50,Rarecoilレアコイル,Magneton,,82,120,70,70,electric,steel,60.0,1,0
"['Rock Head', 'Sheer Force']",1.0,1.0,2.0,0.5,2.0,1.0,0.5,1.0,1.0,0.5,1.0,2.0,1.0,1.0,1.0,1.0,1.0,0.5,75,10240,35,300,45,Rock Head Pokémon,60,1250000,0.6,45,Tatsubayタツベイ,Bagon,50.0,371,40,30,50,dragon,,42.1,3,0
"['Overgrow', 'Shell Armor']",2.0,1.0,1.0,0.5,1.0,1.0,2.0,2.0,1.0,0.5,0.5,2.0,1.0,2.0,1.0,1.0,1.0,0.5,68,5120,70,318,45,Tiny Leaf Pokémon,64,1059860,0.4,55,Naetleナエトル,Turtwig,88.1,387,45,55,31,grass,,10.2,4,0
"['Strong Jaw', 'Rock Head']",1.0,1.0,2.0,0.5,2.0,2.0,0.25,0.5,1.0,1.0,2.0,2.0,0.5,0.5,1.0,1.0,2.0,1.0,121,7680,70,521,45,Despot Pokémon,119,1000000,2.5,82,Gachigorasガチゴラス,Tyrantrum,88.1,697,69,59,71,rock,dragon,270.0,6,0
"['Torrent', 'Protean']",1.0,1.0,1.0,2.0,1.0,1.0,0.5,1.0,1.0,2.0,1.0,0.5,1.0,1.0,1.0,1.0,0.5,0.5,63,5120,70,405,45,Bubble Frog Pokémon,52,1059860,0.6,54,Gekogashiraゲコガシラ,Frogadier,88.1,657,83,56,97,water,,10.9,6,0
"['Prankster', 'Defiant', 'Regenerator']",0.5,1.0,1.0,2.0,1.0,0.5,1.0,1.0,1.0,0.5,0.0,2.0,1.0,1.0,1.0,2.0,1.0,1.0,100,30720,90,580,3,Cyclone Pokémon,80,1250000,1.5,79,Tornelos (keshin Forme)トルネロス,Tornadus,100.0,641,110,90,121,flying,,63.0,5,1
"['Inner Focus', 'Multiscale']",0.5,1.0,2.0,1.0,2.0,0.5,0.5,1.0,1.0,0.25,0.0,4.0,1.0,1.0,1.0,2.0,1.0,0.5,134,10240,35,600,45,Dragon Pokémon,95,1250000,2.2,91,Kairyuカイリュー,Dragonite,50.0,149,100,100,80,dragon,flying,210.0,1,0
"['Leaf Guard', 'Queenly Majesty', 'Sweet Veil']",2.0,1.0,1.0,0.5,1.0,1.0,2.0,2.0,1.0,0.5,0.5,2.0,1.0,2.0,1.0,1.0,1.0,0.5,120,5120,70,510,45,Fruit Pokémon,98,1059860,1.2,72,Amajoアマージョ,Tsareena,0.0,763,50,98,72,grass,,21.4,7,0
"['Compoundeyes', 'Tinted Lens', 'Run Away']",0.5,1.0,1.0,1.0,0.5,0.25,2.0,2.0,1.0,0.25,1.0,1.0,1.0,0.5,2.0,2.0,1.0,1.0,55,5120,70,305,190,Insect Pokémon,50,1000000,1.0,60,Kongpangコンパン,Venonat,50.0,48,40,55,45,bug,poison,30.0,1,0
"['Damp', 'Water Absorb', 'Unaware']",1.0,1.0,1.0,0.0,1.0,1.0,0.5,1.0,1.0,4.0,1.0,1.0,1.0,0.5,1.0,0.5,0.5,1.0,85,5120,70,430,90,Water Fish Pokémon,85,1000000,1.4,95,Nuohヌオー,Quagsire,50.0,195,65,65,35,water,ground,75.0,2,0
"['Run Away', 'Guts', 'Hustle', 'Gluttony', 'Hustle', 'Thick Fat']",1.0,1.0,1.0,1.0,1.0,2.0,1.0,1.0,0.0,1.0,1.0,1.0,1.0,1.0,1.0,1.0,1.0,1.0,71,3840,70,413,127,Mouse Pokémon,70,1000000,,75,Rattaラッタ,Raticate,50.0,20,40,80,77,normal,dark,,1,0
['Chlorophyll'],2.0,1.0,1.0,0.5,1.0,1.0,2.0,2.0,1.0,0.5,0.5,2.0,1.0,2.0,1.0,1.0,1.0,0.5,35,5120,70,275,190,Cherry Pokémon,45,1000000,0.4,45,Cherinboチェリンボ,Cherubi,50.0,420,62,53,35,grass,,3.3,4,0
"['Thick Fat', 'Hydration', 'Ice Body']",1.0,1.0,1.0,2.0,1.0,1.0,0.5,1.0,1.0,2.0,1.0,0.5,1.0,1.0,1.0,1.0,0.5,0.5,45,5120,70,325,190,Sea Lion Pokémon,55,1000000,1.1,65,Pawouパウワウ,Seel,50.0,86,45,70,45,water,,90.0,1,0
"['Shed Skin', 'Moxie', 'Intimidate']",1.0,0.25,1.0,1.0,4.0,2.0,1.0,2.0,0.5,1.0,1.0,1.0,1.0,1.0,0.0,0.5,1.0,1.0,90,3840,70,488,90,Hoodlum Pokémon,115,1000000,1.1,65,Zuruzukinズルズキン,Scrafty,50.0,560,45,115,58,dark,fighting,30.0,5,0
"['Chlorophyll', 'Early Bird', 'Pickpocket']",4.0,0.5,1.0,0.5,2.0,2.0,2.0,2.0,0.5,0.5,0.5,2.0,1.0,2.0,0.0,1.0,1.0,0.5,70,3840,70,340,120,Wily Pokémon,40,1059860,1.0,70,Konohanaコノハナ,Nuzleaf,50.0,274,60,40,60,grass,dark,28.0,3,0
"['Rock Head', 'Sturdy', 'Sheer Force']",0.5,1.0,0.5,0.0,0.5,2.0,2.0,0.5,1.0,1.0,2.0,1.0,0.5,0.0,0.5,0.25,0.5,2.0,125,6400,70,610,25,Iron Snake Pokémon,230,1000000,9.2,75,Haganeilハガネール,Steelix,50.0,208,55,95,30,steel,ground,400.0,2,0
"['Sticky Hold', 'Storm Drain', 'Sand Force']",1.0,1.0,1.0,2.0,1.0,1.0,0.5,1.0,1.0,2.0,1.0,0.5,1.0,1.0,1.0,1.0,0.5,0.5,48,5120,70,325,190,Sea Slug Pokémon,48,1000000,0.3,76,Karanakushiカラナクシ,Shellos,50.0,422,57,62,34,water,,6.3,4,0
"['Aura Break', 'Power Construct']",1.0,1.0,2.0,0.0,2.0,1.0,0.5,1.0,1.0,1.0,1.0,4.0,1.0,0.5,1.0,0.5,1.0,1.0,100,30720,0,708,3,Order Pokémon,121,1250000,5.0,216,Zygarde (10% Forme)ジガルデ,Zygarde,,718,91,95,85,dragon,ground,284.6,6,1
"['Overgrow', 'Shell Armor']",2.0,1.0,1.0,0.0,1.0,1.0,2.0,2.0,1.0,1.0,0.5,4.0,1.0,1.0,1.0,0.5,1.0,1.0,109,5120,70,525,45,Continent Pokémon,105,1059860,2.2,95,Dodaitoseドダイトス,Torterra,88.1,389,75,85,56,grass,ground,310.0,4,0
['Swarm'],1.0,1.0,1.0,1.0,1.0,0.5,2.0,2.0,1.0,0.5,0.5,1.0,1.0,1.0,1.0,2.0,1.0,1.0,62,3840,70,300,255,Larva Pokémon,45,1000000,0.4,47,Agojimushiアゴジムシ,Grubbin,50.0,736,55,45,46,bug,,4.4,7,0
"['Flame Body', 'Gale Wings']",0.25,1.0,1.0,2.0,0.5,0.5,0.5,1.0,1.0,0.25,0.0,1.0,1.0,1.0,1.0,4.0,0.5,2.0,81,3840,70,499,45,Scorching Pokémon,71,1059860,1.2,78,Fiarrowファイアロー,Talonflame,50.0,663,74,69,126,fire,flying,24.5,6,0
['Mega Launcher'],1.0,1.0,1.0,2.0,1.0,1.0,0.5,1.0,1.0,2.0,1.0,0.5,1.0,1.0,1.0,1.0,0.5,0.5,73,3840,70,500,55,Howitzer Pokémon,88,1250000,1.3,71,Blosterブロスター,Clawitzer,50.0,693,120,89,59,water,,35.3,6,0
"['Guts', 'No Guard', 'Steadfast']",0.5,0.5,1.0,1.0,2.0,1.0,1.0,2.0,1.0,1.0,1.0,1.0,1.0,1.0,2.0,0.5,1.0,1.0,80,5120,70,305,180,Superpower Pokémon,50,1059860,0.8,70,Wanrikyワンリキー,Machop,75.4,66,35,35,35,fighting,,19.5,1,0
"['Chlorophyll', 'Early Bird', 'Pickpocket']",4.0,0.5,1.0,0.5,2.0,2.0,2.0,2.0,0.5,0.5,0.5,2.0,1.0,2.0,0.0,1.0,1.0,0.5,100,3840,70,480,45,Wickid Pokémon,60,1059860,1.3,90,Dirtengダーテング,Shiftry,50.0,275,90,60,80,grass,dark,59.6,3,0
"['Plus', 'Minus', 'Clear Body']",0.5,1.0,0.5,1.0,0.5,2.0,2.0,0.5,1.0,0.5,2.0,0.5,0.5,0.0,0.5,0.5,0.5,1.0,55,5120,70,300,130,Gear Pokémon,70,1059860,0.3,40,Giaruギアル,Klink,,599,45,60,30,steel,,21.0,5,0
"['Soundproof', 'Scrappy']",1.0,1.0,1.0,1.0,1.0,2.0,1.0,1.0,0.0,1.0,1.0,1.0,1.0,1.0,1.0,1.0,1.0,1.0,91,5120,70,490,45,Loud Noise Pokémon,63,1059860,1.5,104,Bakuongバクオング,Exploud,50.0,295,91,73,68,normal,,84.0,3,0
"['Flash Fire', 'Flame Body', 'Infiltrator']",0.25,2.0,1.0,1.0,0.5,0.0,0.5,1.0,2.0,0.5,2.0,0.5,0.0,0.5,1.0,2.0,0.5,2.0,40,5120,70,370,90,Lamp Pokémon,60,1059860,0.6,60,Lamplerランプラー,Lampent,50.0,608,95,60,55,ghost,fire,13.0,5,0
"['Sand Force', 'Sheer Force', 'Intimidate']",0.5,1.0,1.0,0.0,1.0,0.5,1.0,1.0,1.0,1.0,0.0,4.0,1.0,0.5,1.0,1.0,1.0,2.0,145,30720,90,600,3,Abundance Pokémon,90,1250000,1.5,89,Landlos (keshin Forme)ランドロス,Landorus,100.0,645,105,80,91,ground,flying,68.0,5,1
"['Water Absorb', 'Damp', 'Swift Swim']",1.0,1.0,1.0,2.0,1.0,1.0,0.5,1.0,1.0,2.0,1.0,0.5,1.0,1.0,1.0,1.0,0.5,0.5,65,5120,70,385,120,Tadpole Pokémon,65,1059860,1.0,65,Nyorozoニョロゾ,Poliwhirl,50.0,61,50,50,90,water,,20.0,1,0
"['Steadfast', 'Justified']",1.0,1.0,1.0,1.0,2.0,0.5,1.0,2.0,2.0,1.0,1.0,1.0,1.0,1.0,1.0,0.5,1.0,1.0,165,5120,35,618,45,Blade Pokémon,95,1250000,1.6,68,Erureidoエルレイド,Gallade,100.0,475,65,115,110,psychic,fighting,52.0,4,0
"['Cheek Pouch', 'Pickup', 'Plus']",0.5,0.5,0.0,0.5,1.0,0.5,1.0,0.5,1.0,1.0,2.0,1.0,1.0,2.0,1.0,1.0,1.0,1.0,58,5120,70,431,180,Antenna Pokémon,57,1000000,0.2,67,Dedenneデデンネ,Dedenne,50.0,702,81,67,101,electric,fairy,2.2,6,0
"['Blaze', 'Flash Fire']",0.5,1.0,1.0,1.0,0.5,1.0,0.5,1.0,1.0,0.5,2.0,0.5,1.0,1.0,1.0,2.0,0.5,2.0,52,5120,70,309,45,Fire Mouse Pokémon,43,1059860,0.5,39,Hinoarashiヒノアラシ,Cyndaquil,88.1,155,60,50,65,fire,,7.9,2,0
"['Sand Stream', 'Sand Force']",1.0,1.0,1.0,0.0,1.0,1.0,1.0,1.0,1.0,2.0,1.0,2.0,1.0,0.5,1.0,0.5,1.0,2.0,72,7680,70,330,140,Hippo Pokémon,78,1250000,0.8,68,Hippopotasヒポポタス,Hippopotas,50.0,449,38,42,32,ground,,49.5,4,0
"['Swift Swim', 'Rock Head', 'Sturdy']",1.0,1.0,1.0,2.0,1.0,2.0,0.25,0.5,1.0,4.0,2.0,0.5,0.5,0.5,1.0,1.0,1.0,1.0,90,10240,70,485,25,Longevity Pokémon,130,1250000,1.0,100,Glanthジーランス,Relicanth,88.1,369,45,65,55,water,rock,23.4,3,0
['Levitate'],0.5,2.0,1.0,1.0,1.0,0.0,1.0,1.0,2.0,1.0,1.0,1.0,0.0,0.5,1.0,1.0,1.0,1.0,60,6400,35,495,45,Magical Pokémon,60,800000,0.9,60,Mumargiムウマージ,Mismagius,50.0,429,105,105,105,ghost,,4.4,4,0
"['White Smoke', 'Drought', 'Shell Armor']",0.5,1.0,1.0,1.0,0.5,1.0,0.5,1.0,1.0,0.5,2.0,0.5,1.0,1.0,1.0,2.0,0.5,2.0,85,5120,70,470,90,Coal Pokémon,140,1000000,0.5,70,Cotoiseコータス,Torkoal,50.0,324,85,70,20,fire,,80.4,3,0
"['Plus', 'Minus', 'Clear Body']",0.5,1.0,0.5,1.0,0.5,2.0,2.0,0.5,1.0,0.5,2.0,0.5,0.5,0.0,0.5,0.5,0.5,1.0,80,5120,70,440,60,Gear Pokémon,95,1059860,0.6,60,Gigiaruギギアル,Klang,,600,70,85,50,steel,,51.0,5,0
"['Pressure', 'Super Luck', 'Justified']",2.0,0.5,1.0,1.0,2.0,2.0,1.0,1.0,0.5,1.0,1.0,1.0,1.0,1.0,0.0,1.0,1.0,1.0,150,6400,35,565,30,Disaster Pokémon,60,1059860,1.2,65,Absolアブソル,Absol,50.0,359,115,60,115,dark,,47.0,3,0
"['Shadow Tag', 'Telepathy']",2.0,2.0,1.0,1.0,1.0,0.5,1.0,1.0,2.0,1.0,1.0,1.0,1.0,1.0,0.5,1.0,1.0,1.0,23,5120,70,260,125,Bright Pokémon,48,1000000,0.6,95,Sohnanoソーナノ,Wynaut,50.0,360,23,48,23,psychic,,14.0,3,0
"['Static', 'Limber', 'Sand Veil']",1.0,1.0,1.0,0.0,1.0,1.0,1.0,0.5,1.0,2.0,2.0,2.0,1.0,0.5,1.0,0.5,0.5,2.0,66,5120,70,471,75,Trap Pokémon,84,1000000,0.7,109,Maggyoマッギョ,Stunfisk,50.0,618,81,99,32,ground,electric,11.0,5,0
"['Lightningrod', 'Rock Head', 'Reckless']",1.0,1.0,1.0,0.0,1.0,2.0,0.5,0.5,1.0,4.0,2.0,2.0,0.5,0.25,1.0,0.5,2.0,4.0,130,5120,70,485,60,Drill Pokémon,120,1250000,1.9,105,Sidonサイドン,Rhydon,50.0,112,45,45,40,ground,rock,120.0,1,0
"['Dry Skin', 'Sand Veil', 'Solar Power']",1.0,1.0,1.0,0.5,1.0,2.0,1.0,0.5,0.0,1.0,2.0,1.0,1.0,1.0,1.0,1.0,0.5,1.0,38,5120,70,289,190,Generator Pokémon,33,1000000,0.5,44,Erikiteruエリキテル,Helioptile,50.0,694,61,43,70,electric,normal,6.0,6,0
"['Pressure', 'Multiscale']",1.0,2.0,1.0,2.0,1.0,0.25,1.0,1.0,2.0,0.5,0.0,2.0,1.0,1.0,0.5,2.0,1.0,1.0,90,30720,0,680,3,Diving Pokémon,130,1250000,5.2,106,Lugiaルギア,Lugia,,249,90,154,110,psychic,flying,216.0,2,1
"['Intimidate', 'Sand Rush', 'Scrappy']",1.0,1.0,1.0,1.0,1.0,2.0,1.0,1.0,0.0,1.0,1.0,1.0,1.0,1.0,1.0,1.0,1.0,1.0,110,3840,70,500,45,Big-Hearted Pokémon,90,1059860,1.2,85,Moolandムーランド,Stoutland,50.0,508,45,90,80,normal,,61.0,5,0
"['Pickup', 'Frisk', 'Insomnia']",1.0,2.0,1.0,0.5,1.0,0.0,2.0,2.0,2.0,0.5,0.5,2.0,0.0,1.0,1.0,1.0,1.0,0.5,100,5120,70,494,60,Pumpkin Pokémon,122,1000000,1.7,85,Pumpjinパンプジン,Gourgeist,50.0,711,58,75,54,ghost,grass,39.0,6,0
"['Sand Rush', 'Sand Force', 'Mold Breaker']",1.0,1.0,1.0,0.0,1.0,1.0,1.0,1.0,1.0,2.0,1.0,2.0,1.0,0.5,1.0,0.5,1.0,2.0,85,5120,70,328,120,Mole Pokémon,40,1000000,0.3,60,Mogurewモグリュー,Drilbur,50.0,529,30,45,68,ground,,8.5,5,0
"['Swarm', 'Chlorophyll', 'Overcoat']",2.0,1.0,1.0,0.5,1.0,0.5,4.0,4.0,1.0,0.25,0.25,2.0,1.0,2.0,1.0,2.0,1.0,0.5,103,3840,70,500,45,Nurturing Pokémon,80,1059860,1.2,75,Hahakomoriハハコモリ,Leavanny,50.0,542,70,80,92,bug,grass,20.5,5,0
"['Sturdy', 'Inner Focus', 'Mold Breaker']",0.5,0.5,1.0,1.0,2.0,1.0,1.0,2.0,1.0,1.0,1.0,1.0,1.0,1.0,2.0,0.5,1.0,1.0,125,5120,70,465,45,Karate Pokémon,75,1000000,1.4,75,Dagekiダゲキ,Sawk,100.0,539,30,75,85,fighting,,51.0,5,0
['Magician'],1.0,4.0,1.0,1.0,1.0,0.0,1.0,1.0,4.0,1.0,1.0,1.0,0.0,0.5,0.5,1.0,1.0,1.0,160,30720,100,680,3,Mischief Pokémon (Confined)Djinn Pokémonn (Unbound),60,1250000,,80,Hoopa (imashimerareshi Hoopa)フーパ,Hoopa,,720,170,130,80,psychic,ghost,,6,1
"['Pressure', 'Frisk']",0.5,2.0,1.0,1.0,1.0,0.0,1.0,1.0,2.0,1.0,1.0,1.0,0.0,0.5,1.0,1.0,1.0,1.0,70,6400,35,455,90,Beckon Pokémon,130,800000,1.6,40,Samayouruサマヨール,Dusclops,50.0,356,60,130,25,ghost,,30.6,3,0
"['Shield Dust', 'Compoundeyes', 'Friend Guard']",1.0,1.0,1.0,1.0,1.0,0.5,2.0,2.0,1.0,0.5,0.5,1.0,1.0,1.0,1.0,2.0,1.0,1.0,35,3840,70,200,255,Scatterdust Pokémon,40,1000000,0.3,38,Kofukimushiコフキムシ,Scatterbug,50.0,664,27,25,35,bug,,2.5,6,0
['Levitate'],2.0,2.0,1.0,1.0,1.0,0.5,1.0,1.0,2.0,1.0,1.0,1.0,1.0,1.0,0.5,1.0,1.0,1.0,105,20480,140,580,3,Emotion Pokémon,105,1250000,0.3,80,Emritエムリット,Mesprit,,481,105,105,80,psychic,,0.3,4,1
"['Levitate', 'Frisk']",0.5,2.0,1.0,1.0,1.0,0.0,1.0,1.0,2.0,1.0,1.0,1.0,0.0,0.5,1.0,1.0,1.0,1.0,40,6400,35,295,190,Requiem Pokémon,90,800000,0.8,20,Yomawaruヨマワル,Duskull,50.0,355,30,90,25,ghost,,15.0,3,0
"['Sturdy', 'Shell Armor', 'Weak Armor']",1.0,1.0,1.0,1.0,1.0,1.0,1.0,1.0,1.0,1.0,1.0,1.0,0.5,0.5,1.0,2.0,2.0,2.0,65,5120,70,325,190,Rock Inn Pokémon,85,1000000,0.3,50,Ishizumaiイシズマイ,Dwebble,50.0,557,35,35,55,bug,rock,14.5,5,0
"['Sand Veil', 'Rough Skin']",1.0,1.0,2.0,0.0,2.0,1.0,0.5,1.0,1.0,1.0,1.0,4.0,1.0,0.5,1.0,0.5,1.0,1.0,90,10240,70,410,45,Cave Pokémon,65,1250000,1.4,68,Gabiteガバイト,Gabite,50.0,444,50,55,82,dragon,ground,56.0,4,0
"['Chlorophyll', 'Sap Sipper', 'Serene Grace']",2.0,1.0,1.0,0.5,1.0,2.0,2.0,2.0,0.0,0.5,0.5,2.0,1.0,2.0,1.0,1.0,1.0,0.5,60,5120,70,335,190,Season Pokémon,50,1000000,0.6,60,Shikijikaシキジカ,Deerling,50.0,585,40,50,75,normal,grass,19.5,5,0
"['Chlorophyll', 'Harvest']",4.0,2.0,1.0,0.5,1.0,0.5,2.0,2.0,2.0,0.5,0.5,2.0,1.0,2.0,0.5,1.0,1.0,0.5,40,5120,70,325,90,Egg Pokémon,80,1250000,0.4,60,Tamatamaタマタマ,Exeggcute,50.0,102,60,45,40,grass,psychic,2.5,1,0
['Victory Star'],1.0,2.0,1.0,1.0,0.5,0.5,0.5,1.0,2.0,0.5,2.0,0.5,1.0,1.0,0.5,2.0,0.5,2.0,100,30720,100,600,3,Victory Pokémon,100,1250000,0.4,100,Victiniビクティニ,Victini,,494,100,100,100,psychic,fire,4.0,5,1
"['Water Absorb', 'Damp', 'Swift Swim']",1.0,1.0,1.0,2.0,1.0,1.0,0.5,1.0,1.0,2.0,1.0,0.5,1.0,1.0,1.0,1.0,0.5,0.5,50,5120,70,300,255,Tadpole Pokémon,40,1059860,0.6,40,Nyoromoニョロモ,Poliwag,50.0,60,40,40,90,water,,12.4,1,0
"['Clear Body', 'Light Metal']",1.0,2.0,0.5,1.0,0.5,1.0,2.0,0.5,2.0,0.5,2.0,0.5,0.5,0.0,0.25,0.5,0.5,1.0,55,10240,35,300,3,Iron Ball Pokémon,80,1250000,0.6,40,Dumbberダンバル,Beldum,,374,35,60,30,steel,psychic,95.2,3,0
"['Blaze', 'Solar Power']",0.5,1.0,1.0,1.0,0.5,1.0,0.5,1.0,1.0,0.5,2.0,0.5,1.0,1.0,1.0,2.0,0.5,2.0,52,5120,70,309,45,Lizard Pokémon,43,1059860,0.6,39,Hitokageヒトカゲ,Charmander,88.1,4,60,50,65,fire,,8.5,1,0
"['Shield Dust', 'Compoundeyes']",0.5,1.0,1.0,1.0,0.5,0.25,2.0,2.0,1.0,0.25,1.0,1.0,1.0,0.5,2.0,2.0,1.0,1.0,50,3840,70,385,45,Poison Moth Pokémon,70,1000000,1.2,60,Dokucaleドクケイル,Dustox,50.0,269,50,90,65,bug,poison,31.6,3,0
"['Keen Eye', 'Tangled Feet', 'Big Pecks']",0.5,1.0,1.0,2.0,1.0,1.0,1.0,1.0,0.0,0.5,0.0,2.0,1.0,1.0,1.0,2.0,1.0,1.0,60,3840,70,349,120,Bird Pokémon,55,1059860,1.1,63,Pigeonピジョン,Pidgeotto,50.0,17,50,50,71,normal,flying,30.0,1,0
"['Steadfast', 'Inner Focus', 'Justified']",0.25,0.5,0.5,1.0,1.0,2.0,2.0,1.0,1.0,0.5,2.0,0.5,0.5,0.0,1.0,0.25,0.5,1.0,145,6400,70,625,45,Aura Pokémon,88,1059860,1.2,70,Lucarioルカリオ,Lucario,88.1,448,140,70,112,fighting,steel,54.0,4,0
"['Run Away', 'Early Bird', 'Tangled Feet']",0.5,1.0,1.0,2.0,1.0,1.0,1.0,1.0,0.0,0.5,0.0,2.0,1.0,1.0,1.0,2.0,1.0,1.0,110,5120,70,470,45,Triple Bird Pokémon,70,1000000,1.8,60,Dodorioドードリオ,Dodrio,50.0,85,60,60,110,normal,flying,85.2,1,0
['Drought'],1.0,1.0,1.0,0.0,1.0,1.0,1.0,1.0,1.0,2.0,1.0,2.0,1.0,0.5,1.0,0.5,1.0,2.0,180,30720,0,770,3,Continent Pokémon,160,1250000,3.5,100,Groudonグラードン,Groudon,,383,150,90,90,ground,,950.0,3,1
"['Serene Grace', 'Run Away', 'Rattled']",1.0,1.0,1.0,1.0,1.0,2.0,1.0,1.0,0.0,1.0,1.0,1.0,1.0,1.0,1.0,1.0,1.0,1.0,70,5120,70,415,190,Land Snake Pokémon,70,1000000,1.5,100,Nokocchiノコッチ,Dunsparce,50.0,206,65,65,45,normal,,14.0,2,0
['Levitate'],2.0,2.0,1.0,1.0,1.0,0.5,1.0,1.0,2.0,1.0,1.0,1.0,1.0,1.0,0.5,1.0,1.0,1.0,75,20480,140,580,3,Knowledge Pokémon,130,1250000,0.3,75,Yuxieユクシー,Uxie,,480,75,130,95,psychic,,0.3,4,1
"['Shadow Tag', 'Telepathy']",2.0,2.0,1.0,1.0,1.0,0.5,1.0,1.0,2.0,1.0,1.0,1.0,1.0,1.0,0.5,1.0,1.0,1.0,33,5120,70,405,45,Patient Pokémon,58,1000000,1.3,190,Sonansソーナンス,Wobbuffet,50.0,202,33,58,33,psychic,,28.5,2,0
"['Frisk', 'Competitive', 'Shadow Tag']",2.0,2.0,1.0,1.0,1.0,0.5,1.0,1.0,2.0,1.0,1.0,1.0,1.0,1.0,0.5,1.0,1.0,1.0,30,5120,70,290,200,Fixation Pokémon,50,1059860,0.4,45,Gothimuゴチム,Gothita,24.6,574,55,65,45,psychic,,5.8,5,0
"['Vital Spirit', 'Anger Point', 'Defiant']",0.5,0.5,1.0,1.0,2.0,1.0,1.0,2.0,1.0,1.0,1.0,1.0,1.0,1.0,2.0,0.5,1.0,1.0,105,5120,70,455,75,Pig Monkey Pokémon,60,1000000,1.0,65,Okorizaruオコリザル,Primeape,50.0,57,60,70,95,fighting,,32.0,1,0
"['Blaze', 'Speed Boost']",0.25,0.5,1.0,1.0,1.0,1.0,0.5,2.0,1.0,0.5,2.0,0.5,1.0,1.0,2.0,1.0,0.5,2.0,85,5120,70,405,45,Young Fowl Pokémon,60,1059860,0.9,60,Wakasyamoワカシャモ,Combusken,88.1,256,85,60,55,fire,fighting,19.5,3,0
"['Static', 'Vital Spirit']",1.0,1.0,1.0,0.5,1.0,1.0,1.0,0.5,1.0,1.0,2.0,1.0,1.0,1.0,1.0,1.0,0.5,1.0,63,6400,70,360,45,Electric Pokémon,37,1000000,0.6,45,Elekidエレキッド,Elekid,75.4,239,65,55,95,electric,,23.5,2,0
"['Intimidate', 'Moxie', 'Anger Point']",2.0,0.5,1.0,0.0,2.0,2.0,1.0,1.0,0.5,2.0,1.0,2.0,1.0,0.5,0.0,0.5,1.0,2.0,82,5120,70,351,90,Desert Croc Pokémon,45,1059860,1.0,60,Waruvileワルビル,Krokorok,50.0,552,45,45,74,ground,dark,33.4,5,0
"['Sturdy', 'Magnet Pull', 'Sand Force']",1.0,1.0,1.0,1.0,1.0,2.0,0.5,0.5,1.0,2.0,2.0,1.0,0.5,0.5,1.0,1.0,2.0,2.0,45,5120,70,375,255,Compass Pokémon,135,1000000,1.0,30,Nosepassノズパス,Nosepass,50.0,299,45,90,30,rock,,97.0,3,0
"['Sand Rush', 'Sand Force', 'Mold Breaker']",0.5,1.0,0.5,0.0,0.5,2.0,2.0,0.5,1.0,1.0,2.0,1.0,0.5,0.0,0.5,0.25,0.5,2.0,135,5120,70,508,60,Subterrene Pokémon,60,1000000,0.7,110,Doryuzuドリュウズ,Excadrill,50.0,530,50,65,88,ground,steel,40.4,5,0
"['Intimidate', 'Shed Skin', 'Unnerve']",0.5,1.0,1.0,1.0,0.5,0.5,1.0,1.0,1.0,0.5,2.0,1.0,1.0,0.5,2.0,1.0,1.0,1.0,95,5120,70,448,90,Cobra Pokémon,69,1000000,3.5,60,Arbokアーボック,Arbok,50.0,24,65,79,80,poison,,65.0,1,0
"['Gluttony', 'Blaze']",0.5,1.0,1.0,1.0,0.5,1.0,0.5,1.0,1.0,0.5,2.0,0.5,1.0,1.0,1.0,2.0,0.5,2.0,53,5120,70,316,190,High Temp Pokémon,48,1000000,0.6,50,Baoppuバオップ,Pansear,88.1,513,53,48,64,fire,,11.0,5,0
"['Chlorophyll', 'Gluttony']",1.0,1.0,1.0,0.5,0.5,0.5,2.0,2.0,1.0,0.25,1.0,2.0,1.0,1.0,2.0,1.0,1.0,0.5,90,5120,70,390,120,Flycatcher Pokémon,50,1059860,1.0,65,Utsudonウツドン,Weepinbell,50.0,70,85,45,55,grass,poison,6.4,1,0
['No Guard'],0.25,2.0,0.5,1.0,0.5,0.0,2.0,0.5,2.0,0.5,2.0,0.5,0.0,0.0,0.5,0.5,0.5,1.0,80,5120,70,325,180,Sword Pokémon,100,1000000,0.8,45,Hitotsukiヒトツキ,Honedge,50.0,679,35,37,28,steel,ghost,2.0,6,0
"['Big Pecks', 'Overcoat', 'Weak Armor']",1.0,0.5,1.0,2.0,2.0,1.0,1.0,1.0,0.5,0.5,0.0,2.0,1.0,1.0,0.0,2.0,1.0,1.0,65,5120,35,510,60,Bone Vulture Pokémon,105,1250000,1.2,110,Vulginaバルジーナ,Mandibuzz,0.0,630,55,95,80,dark,flying,39.5,5,0
"['Intimidate', 'Moxie']",0.5,1.0,2.0,1.0,2.0,0.5,0.5,1.0,1.0,0.25,0.0,4.0,1.0,1.0,1.0,2.0,1.0,0.5,145,10240,35,700,45,Dragon Pokémon,130,1250000,1.5,95,Bohmanderボーマンダ,Salamence,50.0,373,120,90,120,dragon,flying,102.6,3,0
"['Natural Cure', 'Serene Grace', 'Healer']",1.0,1.0,1.0,1.0,1.0,2.0,1.0,1.0,0.0,1.0,1.0,1.0,1.0,1.0,1.0,1.0,1.0,1.0,10,10240,140,540,30,Happiness Pokémon,10,800000,1.5,255,Happinasハピナス,Blissey,0.0,242,75,135,55,normal,,46.8,2,0
"['Inner Focus', 'Early Bird', 'Sap Sipper']",2.0,2.0,1.0,1.0,1.0,1.0,1.0,1.0,0.0,1.0,1.0,1.0,1.0,1.0,0.5,1.0,1.0,1.0,80,5120,70,455,60,Long Neck Pokémon,65,1000000,1.5,70,Kirinrikiキリンリキ,Girafarig,50.0,203,90,65,85,normal,psychic,41.5,2,0
"['Big Pecks', 'Super Luck', 'Rivalry']",0.5,1.0,1.0,2.0,1.0,1.0,1.0,1.0,0.0,0.5,0.0,2.0,1.0,1.0,1.0,2.0,1.0,1.0,77,3840,70,358,120,Wild Pigeon Pokémon,62,1059860,0.6,62,Hatobohハトーボー,Tranquill,50.0,520,50,42,65,normal,flying,15.0,5,0
"['Insomnia', 'Super Luck', 'Moxie']",1.0,0.5,1.0,2.0,2.0,1.0,1.0,1.0,0.5,0.5,0.0,2.0,1.0,1.0,0.0,2.0,1.0,1.0,125,5120,35,505,30,Big Boss Pokémon,52,1059860,0.9,100,Dongkarasuドンカラス,Honchkrow,50.0,430,105,52,71,dark,flying,27.3,4,0
"['Snow Cloak', 'Slush Rush', 'Rattled']",1.0,1.0,1.0,1.0,1.0,2.0,2.0,1.0,1.0,1.0,1.0,0.5,1.0,1.0,1.0,2.0,2.0,1.0,70,5120,70,305,120,Chill Pokémon,40,1000000,0.5,55,Kumasyunクマシュン,Cubchoo,50.0,613,60,40,40,ice,,8.5,5,0
['Turboblaze'],0.5,1.0,2.0,0.5,1.0,1.0,0.25,1.0,1.0,0.25,2.0,1.0,1.0,1.0,1.0,2.0,0.5,1.0,120,30720,0,680,3,Vast White Pokémon,100,1250000,3.2,100,Reshiramレシラム,Reshiram,,643,150,120,90,dragon,fire,330.0,5,1
"['Chlorophyll', 'Healer']",2.0,1.0,1.0,0.5,1.0,1.0,2.0,2.0,1.0,0.5,0.5,2.0,1.0,2.0,1.0,1.0,1.0,0.5,80,5120,70,490,45,Flower Pokémon,95,1059860,0.4,75,Kireihanaキレイハナ,Bellossom,50.0,182,90,100,50,grass,,5.8,2,0
"['Lightningrod', 'Motor Drive', 'Sap Sipper']",1.0,1.0,1.0,0.5,1.0,1.0,1.0,0.5,1.0,1.0,2.0,1.0,1.0,1.0,1.0,1.0,0.5,1.0,100,5120,70,497,75,Thunderbolt Pokémon,63,1000000,1.6,75,Zebraikaゼブライカ,Zebstrika,50.0,523,80,63,116,electric,,79.5,5,0
"['Cute Charm', 'Normalize', 'Wonder Skin ']",1.0,1.0,1.0,1.0,1.0,2.0,1.0,1.0,0.0,1.0,1.0,1.0,1.0,1.0,1.0,1.0,1.0,1.0,45,3840,70,260,255,Kitten Pokémon,45,800000,0.6,50,Enecoエネコ,Skitty,24.6,300,35,35,50,normal,,11.0,3,0
"['Shell Armor', 'Skill Link', 'Overcoat']",1.0,1.0,1.0,2.0,1.0,2.0,1.0,1.0,1.0,2.0,1.0,0.25,1.0,1.0,1.0,2.0,1.0,0.5,95,5120,70,525,60,Bivalve Pokémon,180,1250000,1.5,50,Parshenパルシェン,Cloyster,50.0,91,85,45,70,water,ice,132.5,1,0
"['Bulletproof', 'Soundproof', 'Overcoat']",0.5,0.5,2.0,0.5,4.0,1.0,0.5,2.0,1.0,0.5,1.0,2.0,1.0,1.0,2.0,0.5,1.0,0.5,75,10240,70,420,45,Scaly Pokémon,90,1250000,1.2,55,Jyarangoジャランゴ,Hakamo-o,50.0,783,65,70,65,dragon,fighting,47.0,7,0
"['Clear Body', 'Light Metal']",1.0,2.0,0.5,1.0,0.5,1.0,2.0,0.5,2.0,0.5,2.0,0.5,0.5,0.0,0.25,0.5,0.5,1.0,75,10240,35,420,3,Iron Claw Pokémon,100,1250000,1.2,60,Metangメタング,Metang,,375,55,80,50,steel,psychic,202.5,3,0
"['Pressure', 'Telepathy']",1.0,1.0,2.0,1.0,2.0,1.0,0.25,1.0,1.0,1.0,1.0,1.0,1.0,1.0,1.0,1.0,0.5,0.25,120,30720,0,680,3,Spatial Pokémon,100,1250000,4.2,90,Palkiaパルキア,Palkia,,484,150,120,100,water,dragon,336.0,4,1
"['Sand Veil', 'Arena Trap', 'Sand Force', 'Sand Veil', 'Tangling Hair', 'Sand Force']",1.0,1.0,1.0,0.0,1.0,1.0,1.0,1.0,1.0,2.0,1.0,2.0,1.0,0.5,1.0,0.5,1.0,2.0,100,5120,70,425,50,Mole Pokémon,60,1000000,,35,Dugtrioダグトリオ,Dugtrio,50.0,51,50,70,110,ground,ground,,1,0
"['Water Absorb', 'Damp', 'Drizzle']",1.0,1.0,1.0,2.0,1.0,1.0,0.5,1.0,1.0,2.0,1.0,0.5,1.0,1.0,1.0,1.0,0.5,0.5,75,5120,70,500,45,Frog Pokémon,75,1059860,1.1,90,Nyorotonoニョロトノ,Politoed,50.0,186,90,100,70,water,,33.9,2,0
"['Hustle', 'Serene Grace', 'Super Luck']",0.25,0.5,0.0,2.0,1.0,0.25,1.0,1.0,1.0,0.5,0.0,2.0,1.0,2.0,1.0,2.0,2.0,1.0,50,2560,70,545,30,Jubilee Pokémon,95,800000,1.5,85,Togekissトゲキッス,Togekiss,88.1,468,120,115,80,fairy,flying,38.0,4,0
"['Illuminate', 'Natural Cure', 'Analytic']",2.0,2.0,1.0,2.0,1.0,0.5,0.5,1.0,2.0,2.0,1.0,0.5,1.0,1.0,0.5,1.0,0.5,0.5,75,5120,70,520,60,Mysterious Pokémon,85,1250000,1.1,60,Starmieスターミー,Starmie,,121,100,85,115,water,psychic,80.0,1,0
"['Pickup', 'Cheek Pouch', 'Huge Power']",1.0,1.0,1.0,0.0,1.0,2.0,1.0,1.0,0.0,2.0,1.0,2.0,1.0,0.5,1.0,0.5,1.0,2.0,56,3840,70,423,127,Digging Pokémon,77,1000000,1.0,85,Horudoホルード,Diggersby,50.0,660,50,77,78,normal,ground,42.4,6,0
"['Iron Fist', 'Klutz', 'No Guard']",0.5,2.0,1.0,0.0,1.0,0.0,1.0,1.0,2.0,2.0,1.0,2.0,0.0,0.25,1.0,0.5,1.0,2.0,124,6400,70,483,90,Automaton Pokémon,80,1000000,2.8,89,Goloogゴルーグ,Golurk,,623,55,80,55,ground,ghost,330.0,5,0
"['Leaf Guard', 'Chlorophyll', 'Overcoat']",2.0,1.0,1.0,0.5,1.0,0.5,4.0,4.0,1.0,0.25,0.25,2.0,1.0,2.0,1.0,2.0,1.0,0.5,63,3840,70,380,120,Leaf-Wrapped Pokémon,90,1059860,0.5,55,Kurumayuクルマユ,Swadloon,50.0,541,50,80,42,bug,grass,7.3,5,0
"['Stench', 'Aftermath', 'Keen Eye']",1.0,0.5,1.0,1.0,1.0,1.0,1.0,1.0,0.5,0.5,2.0,1.0,1.0,0.5,0.0,1.0,1.0,1.0,63,5120,70,329,225,Skunk Pokémon,47,1000000,0.4,63,Skunpuuスカンプー,Stunky,50.0,434,41,41,74,poison,dark,19.2,4,0
"['Reckless', 'Sap Sipper', 'Soundproof']",1.0,1.0,1.0,1.0,1.0,2.0,1.0,1.0,0.0,1.0,1.0,1.0,1.0,1.0,1.0,1.0,1.0,1.0,110,5120,70,490,45,Bash Buffalo Pokémon,95,1000000,1.6,95,Buffronバッフロン,Bouffalant,50.0,626,40,95,55,normal,,94.6,5,0
"['Sand Veil', 'Arena Trap', 'Sand Force', 'Sand Veil', 'Tangling Hair', 'Sand Force']",1.0,1.0,1.0,0.0,1.0,1.0,1.0,1.0,1.0,2.0,1.0,2.0,1.0,0.5,1.0,0.5,1.0,2.0,55,5120,70,265,255,Mole Pokémon,30,1000000,,10,Digdaディグダ,Diglett,50.0,50,35,45,90,ground,ground,,1,0
['Justified'],0.5,0.5,1.0,1.0,2.0,2.0,0.5,1.0,1.0,2.0,2.0,1.0,0.5,0.5,2.0,0.5,2.0,2.0,129,20480,35,580,3,Cavern Pokémon,90,1250000,1.9,91,Terrakionテラキオン,Terrakion,,639,72,90,108,rock,fighting,260.0,5,1
"['Swift Swim', 'Storm Drain', 'Water Veil']",1.0,1.0,1.0,2.0,1.0,1.0,0.5,1.0,1.0,2.0,1.0,0.5,1.0,1.0,1.0,1.0,0.5,0.5,49,5120,70,330,190,Wing Fish Pokémon,56,600000,0.4,49,Keikouoケイコウオ,Finneon,50.0,456,49,61,66,water,,7.0,4,0
"['Stakeout', 'Strong Jaw', 'Adaptability']",1.0,1.0,1.0,1.0,1.0,2.0,1.0,1.0,0.0,1.0,1.0,1.0,1.0,1.0,1.0,1.0,1.0,1.0,70,3840,70,253,255,Loitering Pokémon,30,1000000,0.4,48,Youngooseヤングース,Yungoos,50.0,734,30,30,45,normal,,6.0,7,0
"['Levitate', 'Heatproof', 'Heavy Metal']",1.0,2.0,0.5,1.0,0.5,1.0,2.0,0.5,2.0,0.5,2.0,0.5,0.5,0.0,0.25,0.5,0.5,1.0,89,5120,70,500,90,Bronze Bell Pokémon,116,1000000,1.3,67,Dohtakunドータクン,Bronzong,,437,79,116,33,steel,psychic,187.0,4,0
"['Water Absorb', 'Damp', 'Swift Swim']",0.5,0.5,1.0,2.0,2.0,1.0,0.5,2.0,1.0,2.0,1.0,0.5,1.0,1.0,2.0,0.5,0.5,0.5,95,5120,70,510,45,Tadpole Pokémon,95,1059860,1.3,90,Nyorobonニョロボン,Poliwrath,50.0,62,70,90,70,water,fighting,54.0,1,0
"['Clear Body', 'Light Metal']",1.0,2.0,0.5,1.0,0.5,1.0,2.0,0.5,2.0,0.5,2.0,0.5,0.5,0.0,0.25,0.5,0.5,1.0,145,10240,35,700,3,Iron Leg Pokémon,150,1250000,1.6,80,Metagrossメタグロス,Metagross,,376,105,110,110,steel,psychic,550.0,3,0
"['Gluttony', 'Overgrow']",2.0,1.0,1.0,0.5,1.0,1.0,2.0,2.0,1.0,0.5,0.5,2.0,1.0,2.0,1.0,1.0,1.0,0.5,53,5120,70,316,190,Grass Monkey Pokémon,48,1000000,0.6,50,Yanappuヤナップ,Pansage,88.1,511,53,48,64,grass,,10.5,5,0
"['Inner Focus', 'Ice Body', 'Moody']",1.0,1.0,1.0,1.0,1.0,2.0,2.0,1.0,1.0,1.0,1.0,0.5,1.0,1.0,1.0,2.0,2.0,1.0,120,5120,70,580,75,Face Pokémon,80,1000000,1.5,80,Onigohriオニゴーリ,Glalie,50.0,362,120,80,100,ice,,256.5,3,0
"['Forewarn', 'Synchronize', 'Telepathy']",2.0,2.0,1.0,1.0,1.0,0.5,1.0,1.0,2.0,1.0,1.0,1.0,1.0,1.0,0.5,1.0,1.0,1.0,25,2560,70,292,190,Dream Eater Pokémon,45,800000,0.6,76,Munnaムンナ,Munna,50.0,517,67,55,24,psychic,,23.3,5,0
"['Flash Fire', 'Guts']",0.5,1.0,1.0,1.0,0.5,1.0,0.5,1.0,1.0,0.5,2.0,0.5,1.0,1.0,1.0,2.0,0.5,2.0,130,8960,70,525,45,Flame Pokémon,60,1000000,0.9,65,Boosterブースター,Flareon,88.1,136,95,110,65,fire,,25.0,1,0
"['Hustle', 'Serene Grace', 'Super Luck']",0.25,0.5,0.0,2.0,1.0,0.25,1.0,1.0,1.0,0.5,0.0,2.0,1.0,2.0,1.0,2.0,2.0,1.0,40,2560,70,405,75,Happiness Pokémon,85,800000,0.6,55,Togechickトゲチック,Togetic,88.1,176,80,105,40,fairy,flying,3.2,2,0
"['Compoundeyes', 'Run Away']",1.0,1.0,1.0,0.0,1.0,0.5,2.0,2.0,1.0,1.0,0.5,2.0,1.0,0.5,1.0,1.0,1.0,2.0,45,3840,70,266,255,Trainee Pokémon,90,600000,0.5,31,Tutininツチニン,Nincada,50.0,290,30,30,40,bug,ground,5.5,3,0
"['Volt Absorb', 'Quick Feet']",1.0,1.0,1.0,0.5,1.0,1.0,1.0,0.5,1.0,1.0,2.0,1.0,1.0,1.0,1.0,1.0,0.5,1.0,65,8960,70,525,45,Lightning Pokémon,60,1000000,0.8,65,Thundersサンダース,Jolteon,88.1,135,110,95,130,electric,,24.5,1,0
"['Healer', 'Regenerator', 'Klutz']",1.0,1.0,1.0,1.0,1.0,2.0,1.0,1.0,0.0,1.0,1.0,1.0,1.0,1.0,1.0,1.0,1.0,1.0,60,5120,70,545,255,Hearing Pokémon,126,800000,1.1,103,Tabunneタブンネ,Audino,50.0,531,80,126,50,normal,,31.0,5,0
"['Rock Head', 'Lightningrod', 'Battle Armor', 'Cursed Body', 'Lightningrod', 'Rock Head']",1.0,1.0,1.0,0.0,1.0,1.0,1.0,1.0,1.0,2.0,1.0,2.0,1.0,0.5,1.0,0.5,1.0,2.0,80,5120,70,425,75,Bone Keeper Pokémon,110,1000000,,60,Garagaraガラガラ,Marowak,50.0,105,50,80,45,ground,fire,,1,0
"['Rough Skin', 'Sheer Force', 'Mold Breaker']",1.0,1.0,2.0,0.5,2.0,1.0,0.5,1.0,1.0,0.5,1.0,2.0,1.0,1.0,1.0,1.0,1.0,0.5,120,7680,70,485,45,Cave Pokémon,90,1000000,1.6,77,Crimganクリムガン,Druddigon,50.0,621,60,90,48,dragon,,139.0,5,0
"['Intimidate', 'Flash Fire', 'Justified']",0.5,1.0,1.0,1.0,0.5,1.0,0.5,1.0,1.0,0.5,2.0,0.5,1.0,1.0,1.0,2.0,0.5,2.0,70,5120,70,350,190,Puppy Pokémon,45,1250000,0.7,55,Gardieガーディ,Growlithe,75.4,58,70,50,60,fire,,19.0,1,0
"['Prankster', 'Infiltrator', 'Chlorophyll']",1.0,0.5,0.0,0.5,1.0,0.5,2.0,2.0,1.0,0.5,0.5,2.0,1.0,4.0,1.0,1.0,2.0,0.5,67,5120,70,480,75,Windveiled Pokémon,85,1000000,0.7,60,Elfuunエルフーン,Whimsicott,50.0,547,77,75,116,grass,fairy,6.6,5,0
['Truant'],1.0,1.0,1.0,1.0,1.0,2.0,1.0,1.0,0.0,1.0,1.0,1.0,1.0,1.0,1.0,1.0,1.0,1.0,60,3840,70,280,255,Slacker Pokémon,60,1250000,0.8,60,Namakeroナマケロ,Slakoth,50.0,287,35,35,30,normal,,24.0,3,0
"['Intimidate', 'Frisk', 'Sap Sipper']",1.0,1.0,1.0,1.0,1.0,2.0,1.0,1.0,0.0,1.0,1.0,1.0,1.0,1.0,1.0,1.0,1.0,1.0,95,5120,70,465,45,Big Horn Pokémon,62,1250000,1.4,73,Odoshishiオドシシ,Stantler,50.0,234,85,65,85,normal,,71.2,2,0
"['Torrent', 'Damp']",1.0,1.0,1.0,2.0,1.0,1.0,0.5,1.0,1.0,2.0,1.0,0.5,1.0,1.0,1.0,1.0,0.5,0.5,70,5120,70,310,45,Mud Fish Pokémon,50,1059860,0.4,50,Mizugorouミズゴロウ,Mudkip,88.1,258,50,50,40,water,,7.6,3,0
"['Keen Eye', 'Infiltrator', 'Own Tempo']",2.0,2.0,1.0,1.0,1.0,0.5,1.0,1.0,2.0,1.0,1.0,1.0,1.0,1.0,0.5,1.0,1.0,1.0,48,5120,70,355,190,Restraint Pokémon,54,1000000,0.3,62,Nyasperニャスパー,Espurr,50.0,677,63,60,68,psychic,,3.5,6,0
